use FootballNews_5
go
Insert TINTUC values('TINTUC01',N'Cầu thủ HAGL không tham dự giải vô địch 7 người toàn quốc','https://znews-photo.zadn.vn/w480/Uploaded/yrfjpyvslyr/2020_10_05/minh_vuong_hagl.jpg',N'Ông Nguyễn Tấn Anh, trưởng đoàn kiêm giám đốc điều hành CLB Hoàng Anh Gia Lai (HAGL), tiết lộ cầu thủ của đội bóng này không thể tham gia giải phong trào lớn nhất Việt Nam.',1,2,'Hiển Thị')
Insert TINTUC values('TINTUC02',N'CLB Hà Nội không còn bị cấm thi đấu ở AFC Cup','https://znews-photo.zadn.vn/w480/Uploaded/aopuoax/2020_06_24/thumb_quang_hai_binh_duong.jpg',N'Nhà vô địch Cúp Quốc gia 2020 đủ điều kiện tham dự V.League 2021 và các giải đấu cấp CLB do LĐBĐ châu Á (AFC)',1,2,'Hiển Thị')
Insert TINTUC values('TINTUC03',N'Cầu thủ Khánh Hòa dọa bỏ trận đấu vì bị nợ lương','https://znews-photo.zadn.vn/w480/Uploaded/aopuoax/2020_10_05/cau_thu_khanh_hoa_bo_giai.JPG',N'Các cầu thủ Khánh Hòa không tập theo giáo án của HLV Võ Đình Tân vì bị nợ lương ',1,2,'Hiển Thị')
Insert TINTUC values('TINTUC04',N'Oliver Kahn bị gạt khỏi danh sách thủ môn hay nhất mọi thời đại','https://znews-photo.zadn.vn/w480/Uploaded/ofh_huqfztmf/2020_10_06/kah1.jpg',N'Danh sách bình chọn thủ môn lọt vào đội hình hay nhất mọi thời đại của France Football đang gây ra không ít tranh cãi.',1,2,'Hiển Thị')
Insert TINTUC values('TINTUC05',N'ÁC MỘNG HIỆN VỀ VỚI MARTIAL Ở MAN UNITED','https://znews-photo.zadn.vn/w480/Uploaded/bzcwvobl/2020_10_06/Martial_1.jpg',N'Chỗ đứng của tiền đạo Anthony Martial tại Manchester United đang bị đe dọa bởi Edinson Cavani',1,2,'Hiển Thị')
Insert TINTUC values('TINTUC06',N'Đội hình bị Real và Barca loại bỏ ở kỳ chuyển nhượng hè 2020','https://znews-photo.zadn.vn/w480/Uploaded/natmzz/2020_10_07/01z_bale_james_suarez_a.jpg',N'Hai gã khổng lồ của bóng đá Tây Ban Nha đã bán hoặc cho mượn hàng loạt cái tên đáng chú ý trong kỳ chuyển nhượng hè 2020.',1,2,N'Hiển Thị')
Insert TINTUC values('TINTUC07',N'15 kỳ chuyển nhượng của MU dưới thời Woodward','https://znews-photo.zadn.vn/w480/Uploaded/bpivpawv/2020_10_07/Woodward_1.jpg',N'Kể từ khi chịu trách nhiệm chính trong các thương vụ mua sắm cầu thủ của “Quỷ đỏ” vào năm 2013, Phó chủ tịch Ed Woodward nhận nhiều chỉ trích hơn lời khen.',1,2,N'Hiển Thị')
Insert TINTUC values('TINTUC08',N'Marcelo vào danh sách hậu vệ trái hay nhất mọi thời đại','https://znews-photo.zadn.vn/w480/Uploaded/ofh_huqfztmf/2020_10_08/marcelo_1.jpg',N'Nhiều CĐV bóng đá Anh bày tỏ sự hoài nghi khi danh sách 10 hậu vệ trái hay nhất mọi thời đại được France Football lựa chọn ',1,2,N'Hiển Thị')
Insert TINTUC values('TINTUC09',N'Ronaldo đập tan tin đồn lạnh nhạt với Ramos','https://znews-photo.zadn.vn/w480/Uploaded/mdf_drokxr/2020_10_08/ronaldo_thumb.jpg',N'Tiền đạo khoác áo Juventus có màn hội ngộ với những đồng đội cũ sau trận hòa 0-0 của Tây Ban Nha trước Bồ Đào Nha rạng sáng 8/10',1,2,N'Hiển Thị')
Insert TINTUC values('TINTUC10',N'VĂN LÂM THUỘC NHÓM GIỎI NHẤT MÀ TÔI TỪNG HUẤN LUYỆN 20 NĂM QUA','https://znews-photo.zadn.vn/w480/Uploaded/ihvunvj/2020_10_07/avalam_1.jpg',N'Huấn luyện viên thủ môn Marquinhos Goleiros kể với Zing về hành trình đưa Đặng Văn Lâm trở lại vị trí số một ở CLB Muangthong United.',1,2,N'Hiển Thị')
Insert TINTUC values('TINTUC11',N'Cầu thủ HAGL không tham dự giải vô địch 7 người toàn quốc','https://znews-photo.zadn.vn/w480/Uploaded/yrfjpyvslyr/2020_10_05/minh_vuong_hagl.jpg',N'Ông Nguyễn Tấn Anh, trưởng đoàn kiêm giám đốc điều hành CLB Hoàng Anh Gia Lai (HAGL), tiết lộ cầu thủ của đội bóng này không thể tham gia giải phong trào lớn nhất Việt Nam.',1,2,'Hiển Thị')
Insert TINTUC values('TINTUC12',N'CLB Hà Nội không còn bị cấm thi đấu ở AFC Cup','https://znews-photo.zadn.vn/w480/Uploaded/aopuoax/2020_06_24/thumb_quang_hai_binh_duong.jpg',N'Nhà vô địch Cúp Quốc gia 2020 đủ điều kiện tham dự V.League 2021 và các giải đấu cấp CLB do LĐBĐ châu Á (AFC)',1,2,'Hiển Thị')
Insert TINTUC values('TINTUC13',N'Cầu thủ Khánh Hòa dọa bỏ trận đấu vì bị nợ lương','https://znews-photo.zadn.vn/w480/Uploaded/aopuoax/2020_10_05/cau_thu_khanh_hoa_bo_giai.JPG',N'Các cầu thủ Khánh Hòa không tập theo giáo án của HLV Võ Đình Tân vì bị nợ lương ',1,2,'Hiển Thị')
Insert TINTUC values('TINTUC14',N'Oliver Kahn bị gạt khỏi danh sách thủ môn hay nhất mọi thời đại','https://znews-photo.zadn.vn/w480/Uploaded/ofh_huqfztmf/2020_10_06/kah1.jpg',N'Danh sách bình chọn thủ môn lọt vào đội hình hay nhất mọi thời đại của France Football đang gây ra không ít tranh cãi.',1,2,'Hiển Thị')
Insert TINTUC values('TINTUC15',N'ÁC MỘNG HIỆN VỀ VỚI MARTIAL Ở MAN UNITED','https://znews-photo.zadn.vn/w480/Uploaded/bzcwvobl/2020_10_06/Martial_1.jpg',N'Chỗ đứng của tiền đạo Anthony Martial tại Manchester United đang bị đe dọa bởi Edinson Cavani',1,2,'Hiển Thị')
go

insert HINHANH values('https://znews-photo.zadn.vn/w660/Uploaded/yrfjpyvslyr/2020_10_05/minhvuon.jpg')
insert HINHANH values('https://znews-photo.zadn.vn/w660/Uploaded/aopuoax/2020_02_03/quang_hai_clb_tphcm_zing.jpg')
insert HINHANH values('https://znews-photo.zadn.vn/w660/Uploaded/aopuoax/2020_10_05/cau_thu_khanh_hoa_dinh_cong_bo_tran_zing.JPG')
insert HINHANH values('https://znews-photo.zadn.vn/w1024/Uploaded/ofh_huqfztmf/2020_10_06/2.jpg')
insert HINHANH values('https://znews-photo.zadn.vn/Uploaded/bzcwvobl/2020_10_06/Martial2.jpg')
insert HINHANH values('https://znews-photo.zadn.vn/w1024/Uploaded/mdf_drokxr/2020_10_06/1_gotze.jpg')
insert HINHANH values('https://znews-photo.zadn.vn/Uploaded/bzcwvobl/2020_10_06/Edinson2.jpg')
insert HINHANH values('https://znews-photo.zadn.vn/Uploaded/bzcwvobl/2020_10_06/Edinson2.jpg')
insert HINHANH values('https://znews-photo.zadn.vn/Uploaded/bzcwvobl/2020_10_06/Edinson2.jpg')
insert HINHANH values('https://znews-photo.zadn.vn/Uploaded/bzcwvobl/2020_10_06/Edinson2.jpg')
insert HINHANH values('https://znews-photo.zadn.vn/Uploaded/bzcwvobl/2020_10_06/Edinson2.jpg')
insert HINHANH values('https://znews-photo.zadn.vn/Uploaded/bzcwvobl/2020_10_06/Edinson2.jpg')
insert HINHANH values('https://znews-photo.zadn.vn/w1024/Uploaded/natmzz/2020_10_07/00_xi.jpg')
insert HINHANH values('https://znews-photo.zadn.vn/w1024/Uploaded/natmzz/2020_10_07/11_bale.jpg')
insert HINHANH values('https://znews-photo.zadn.vn/w1024/Uploaded/bpivpawv/2020_03_03/woodward.jpg')
insert HINHANH values('https://znews-photo.zadn.vn/w1024/Uploaded/bpivpawv/2020_10_05/marouane_fellaini_juan_mata_manchester_united_68tuyy6bk6691siyigvfwswkl.jpg')
insert HINHANH values('https://znews-photo.zadn.vn/w1024/Uploaded/bpivpawv/2020_10_05/manchester_united_van_gaal_falcao_di_maria_3274901.jpg')
insert HINHANH values('https://znews-photo.zadn.vn/w1024/Uploaded/ofh_huqfztmf/2020_10_08/8_1.jpg')
insert HINHANH values('https://znews-photo.zadn.vn/w1024/Uploaded/ofh_huqfztmf/2020_10_08/3_1.jpg')
insert HINHANH values('https://znews-photo.zadn.vn/w660/Uploaded/mdf_drokxr/2020_10_08/ramos.jpg')
insert HINHANH values('https://znews-photo.zadn.vn/w480/Uploaded/mdf_drokxr/2020_10_03/ronaldo_thumb.jpg')
insert HINHANH values('https://znews-photo.zadn.vn/w480/Uploaded/ofh_huqfztmf/2020_09_28/2020_09_27T201805Z_573795358_UP1EG9R1KE5P0_RTRMADP_3_SOCCER_ITALY_ROM_JUV_REPORT_1_1.JPG')
insert HINHANH values('https://znews-photo.zadn.vn/w480/Uploaded/mdf_drokxr/2020_10_06/cavani_2.jpg')
insert HINHANH values('https://znews-photo.zadn.vn/w480/Uploaded/qxjrcqjwq/2020_09_27/gettyimages_1276844621_2048x2048_1.jpg')
insert HINHANH values('https://znews-photo.zadn.vn/w660/Uploaded/yrfjpyvslyr/2020_10_05/minhvuon.jpg')
insert HINHANH values('https://znews-photo.zadn.vn/w660/Uploaded/aopuoax/2020_02_03/quang_hai_clb_tphcm_zing.jpg')
insert HINHANH values('https://znews-photo.zadn.vn/w660/Uploaded/aopuoax/2020_10_05/cau_thu_khanh_hoa_dinh_cong_bo_tran_zing.JPG')
insert HINHANH values('https://znews-photo.zadn.vn/w1024/Uploaded/ofh_huqfztmf/2020_10_06/2.jpg')
insert HINHANH values('https://znews-photo.zadn.vn/Uploaded/bzcwvobl/2020_10_06/Martial2.jpg')
insert HINHANH values('https://znews-photo.zadn.vn/w1024/Uploaded/mdf_drokxr/2020_10_06/1_gotze.jpg')
insert HINHANH values('https://znews-photo.zadn.vn/Uploaded/bzcwvobl/2020_10_06/Edinson2.jpg')
insert HINHANH values('https://znews-photo.zadn.vn/Uploaded/bzcwvobl/2020_10_06/Edinson2.jpg')
insert HINHANH values('https://znews-photo.zadn.vn/Uploaded/bzcwvobl/2020_10_06/Edinson2.jpg')
insert HINHANH values('https://znews-photo.zadn.vn/Uploaded/bzcwvobl/2020_10_06/Edinson2.jpg')
insert HINHANH values('https://znews-photo.zadn.vn/Uploaded/bzcwvobl/2020_10_06/Edinson2.jpg')
insert HINHANH values('https://znews-photo.zadn.vn/Uploaded/bzcwvobl/2020_10_06/Edinson2.jpg')
go
go

insert NOIDUNG values(N'Chiều 5/10, buổi họp báo ra mắt giải đấu vô địch 7 người toàn quốc được diễn ra tại TP.HCM. Đây là giải đấu phong trào thi đấu ở sân 7, cho phép các cầu thủ chuyên nghiệp tham dự.

"Ở giải đấu năm nay, cầu thủ HAGL không thể tham dự do ảnh hưởng của dịch Covid-19, thể thức và lịch thi đấu của V.League đã thay đổi, trùng với khoảng thời gian mà giải vô địch sân 7 toàn quốc diễn ra. Tôi hy vọng ở mùa giải sau, các giải đấu có sự ổn định, cầu thủ HAGL có thể tham gia sân chơi này", ông Tấn Anh chia sẻ.Trong mùa giải trước, các cầu thủ HAGL từng thi đấu ở giải phong trào này là 2 tiền vệ Trần Minh Vương và Châu Ngọc Quang. Một số tên tuổi khác của bóng đá Việt Nam cũng tham dự giải đấu là Nguyễn Văn Quyết, Phạm Thành Lương (CLB Hà Nội), Trần Thanh Bình (CLB TP.HCM).

Trong buổi họp báo, đại diện ban tổ chức cũng bày tỏ tham vọng lan tỏa sự ảnh hưởng của giải đấu.'
)
insert NOIDUNG values(N'"Chúng tôi đang dần hoàn thiện và chuyên nghiệp hóa giải đấu. Chúng tôi muốn tổ chức giải mang tầm quốc tế trong tương lai không xa. Từ giải sân 7 chỉ có ở Hà Nội, chúng tôi đã vươn đến miền Trung, miền Nam và giờ là giải toàn quốc. Trước mắt, chúng tôi muốn giới thiệu đặc sản sân 7 của Việt Nam đến các nước Đông Nam Á", đại diện ban tổ chức chia sẻ.

Giải vô địch 7 người toàn quốc sẽ được khởi tranh tháng 10. Khu vực Bắc, Trung, Nam thi đấu các giải riêng để tuyển chọn đại diện tham dự giải toàn quốc.')
insert NOIDUNG values(N'Hôm 2/10, CLB Hà Nội đã gửi đầy đủ tài liệu liên quan đến việc cấp phép thi đấu và được Ban cấp phép VFF phê duyệt. 13 CLB khác cũng tiến hành đăng ký nhưng chỉ có 10 đội bóng được cấp phép.

Sau một mùa giải bị cấm tham dự các giải đấu cấp CLB do AFC tổ chức trong năm 2020, CLB Hà Nội đã đủ tư cách tham dự vào năm 2021. Đoàn quân HLV Chu Đình Nghiêm đáp ứng đầy đủ các tiêu chí "A" dành cho một đội bóng chuyên nghiệp.')
insert NOIDUNG values(N'"Năm nay, số lượng CLB được cấp phép nhiều hơn năm ngoái 2 đội. Đó cũng là một tín hiệu mừng cho bóng đá Việt Nam. CLB Hà Nội sẽ được thi đấu ở các giải cấp CLB của AFC sau một năm không đạt chuẩn bị thiếu đội U15 thi đấu giải Quốc gia", ông Nguyễn Minh Ngọc, Phó tổng thư ký phụ trách chuyên môn của VFF, nói với Zing.

Với chức vô địch Cúp Quốc gia 2020, CLB Hà Nội chắc chắn giành một suất dự AFC Cup 2021. Tuy nhiên, họ còn có thể vươn xa hơn đến vòng bảng AFC Champions League nếu vô địch V.League 2020. Bóng đá Việt Nam có một suất trực tiếp vào thẳng từ mùa giải 2021.

Nếu CLB Hà Nội vô địch V.League 2020 và vào chơi vòng bảng AFC Champions League, suất thay thế họ ở AFC Cup sẽ thuộc về đội đứng thứ 3 ở giải VĐQG. Đội á quân mặc định giành suất còn lại tham dự AFC Cup 2021.

Ở mùa giải 2020, đội bóng thủ đô bất ngờ không được cấp phép thi đấu ở các giải cấp CLB do AFC tổ chức. Nguyên nhân là vì CLB Hà Nội không tham gia đủ 4/6 giải trẻ Quốc gia trong năm 2019. Cụ thể, đội bóng không cử đội dự giải U15 Quốc gia.')
insert NOIDUNG values(N'Một số cầu thủ thông báo với Zing, nếu lãnh đạo CLB Khánh Hòa không giải quyết lương và tiền lót tay trong ngày 7/10, họ sẽ không thi đấu với Phố Hiến vào ngày 8/10. Một cầu thủ Khánh Hòa nói: "CLB Khánh Hòa hứa sau khi CLB TP.HCM chuyển tiền chuyển nhượng 3 cầu thủ thì đội sẽ trả tiền lót tay vào ngày 6/10".

CLB Khánh Hòa bán Lâm Ti Phông, Phạm Trùm Tỉnh và Trần Đình Khương cho CLB TP.HCM với tổng số tiền khoảng 10 tỷ đồng để lấy trang trải khó khăn. Những ngày qua, nội bộ đội bóng râm ran thông tin CLB TP.HCM chưa thanh toán 100% tiền chuyển nhượng 3 tân binh.')
insert NOIDUNG values(N'Số tiền này có một nửa là tiền giải phóng hợp đồng cho ba cầu thủ, được chuyển cho CLB Khánh Hòa. Nhiều cầu thủ đặt vấn đề, nếu CLB TP.HCM thanh toán hết khoản tiền này thì tại sao họ chưa nhận được các khoản tiền lót tay. Nỗi ấm ức của cầu thủ càng lên cao khi lãnh đạo đội bóng cho biết CLB TP.HCM mới chuyển 1/2 số tiền.

Từ đầu năm 2020, cả đội đã phải giảm lương đến 55% và giảm cả tiền lót tay lên đến 35%. Một cầu thủ khác của Khánh Hòa tiết lộ có cầu thủ giảm đến 35-50% tiền lót tay để chia sẻ khó khăn với đội bóng. Cụ thể, một cầu thủ có tiền lót tay khoảng 400 triệu đồng/mùa chấp nhận chỉ lấy 200 triệu đồng - 250 triệu đồng. Thế nhưng, thiện chí của cầu thủ không nhận được tín hiệu tích cực từ lãnh đạo đội bóng.

HLV Võ Đình Tân đang là người đứng giữa cuộc biến động. Ông vừa là người làm việc với lãnh đạo, vừa ra sân nói chuyện với cầu thủ. Đội bóng chỉ mới tập luyện trở lại vào ngày 4 và 5/10. Trước đó, cầu thủ phản kháng bằng cách tự tập, không theo giáo án của HLV trưởng. Cầu thủ ra sân nhưng tỏ thái độ không hợp tác.')
insert NOIDUNG values(N'Gordon Banks là thủ môn vĩ đại nhất lịch sử bóng đá Anh khi cùng Tam Sư vô địch World Cup 1966. Tại World Cup 1970, Banks tạo ra pha cản phá đến giờ vẫn được coi là vĩ đại nhất lịch sử cúp thế giới khi đẩy được cú đánh đầu đập đất cực mạnh của Pele bằng một tay dù đã mất lợi thế.')
insert NOIDUNG values(N'Vị thế của Iker Casillas trong lịch sử bóng đá là không cần bàn cãi. Thủ thành người Tây Ban Nha đã giành 3 Champions League cùng Real Madrid, 2 lần vô địch EURO và một lần đứng trên đỉnh cao thế giới cùng "Bò tót". Chính Casillas là lá chắn thép trong chu kỳ vinh quang vĩ đại của Tây Ban Nha.')
insert NOIDUNG values(N'Ở thời kỳ đỉnh cao Gianluigi Buffon là người gác đền gần như không thể bị đánh bại. Thủ thành có biệt danh "Người nhện" nổi tiếng với phản xạ nhanh như điện cùng khả năng chỉ huy hoàn hảo hàng phòng ngự. Trong chiến tích giành chức vô địch World Cup 2006 của ĐT Italy, Buffon chỉ để lọt lưới 2 bàn trong cả giải, một là pha phản lưới nhà ở trận gặp Mỹ, và bàn còn lại đến từ cú đá phạt đền của Zidane trong trận chung kết.')
insert NOIDUNG values(N'Manuel Neuer là người trẻ nhất trong danh sách này. Ở tuổi 34, Neuer đã giành 2 chức vô địch UEFA Champions League, một chức vô địch World Cup và 4 lần liên tiếp được IFFHS bầu chọn là "Thủ môn hay nhất năm". Năm 2014, Neuer giành Quả bóng Đồng châu Âu khi về sau hai siêu sao tấn công là Cristiano Ronaldo và Lionel Messi.')
insert NOIDUNG values(N'Ở lần gần nhất Man United chiêu mộ một ngôi sao luống tuổi, người chịu ảnh hưởng nhiều nhất là Anthony Martial.

Khi ấy, "Quỷ đỏ" đưa Zlatan Ibrahimovic về "Nhà hát của những giấc mơ". Sự có mặt của Ibra khiến Martial mất áo số 9 và cả sự tự tin. Hè 2018, tiền đạo người Pháp tưởng chừng bị đánh bật khỏi sân Old Trafford.

Hai năm sau, lịch sử có thể lặp lại với Martial.')
insert NOIDUNG values(N'Mọi thứ không còn là tin đồn nữa. Cavani sẽ gia nhập Man United. 24 giờ trước khi thông tin chính thức được phát đi từ trang chủ "Quỷ đỏ", đại diện thành Manchester thảm bại 1-6 trước Tottenham Hotspur ở vòng 4 Premier League.

Martial trở thành tội đồ trong ngày Man United phơi áo ngay trên sân nhà. Anh nhận thẻ đỏ sau pha đánh nguội Erik Lamela. 10 người của "Quỷ đỏ" không thể chống trả trước Tottenham đầy bản lĩnh và chắc chắn.

Mọi thứ sụp đổ quá nhanh với Martial. Ở những phút đầu tiên của trận gặp Spurs, tiền đạo này mang về cho "Quỷ đỏ" quả 11 m.

Và rồi cơn ác mộng lớn xảy đến. Song, đó chưa phải điều tồi tệ nhất chờ đợi tay săn bàn 24 tuổi.')
insert NOIDUNG values(N'Trong bóng đá, việc một cầu thủ bị truất quyền thi đấu không phải thảm họa. Nhưng ở trường hợp của Martial và tình hình hiện tại, đó là câu chuyện khác.

Tấm thẻ đỏ Martial phải nhận nhiều khả năng khiến cầu thủ này trả giá đắt. Anh đối mặt nguy cơ bị mất suất đá chính về tay Cavani.

Viễn cảnh thảm họa từng xảy ra như lúc Ibrahimovic đến bắt đầu lởn vởn trong đầu ngòi nổ "Les Bleus". Man United không bao giờ chấp nhận trả 10 triệu euro/năm tiền lương cho Cavani, để rồi dành một chỗ cho cầu thủ này trên ghế dự bị.

Cavani có thể chơi ở cánh, nhưng đó sẽ là sự lãng phí. Truyền thông Anh cho rằng HLV Ole Gunnar Solskjaer nhiều khả năng để cựu sao PSG đảm nhận vị trí trung phong cắm, thay cho chính Martial.')
insert NOIDUNG values(N'Mario Gotze: "Cậu bé vàng" nước Đức hết hợp đồng với Borussia Dortmund hồi tháng 7 và không được gia hạn. Trong mùa giải vừa qua, anh có 21 lần ra sân trên mọi đấu trường, ghi 3 bàn nhưng chỉ chơi hơn 600 phút. Gotze không thể cạnh tranh với dàn sao Dortmund dù được xếp chơi ở nhiều vị trí. Bayern Munich từng bày tỏ sự quan tâm đến anh nhưng đôi bên không đi đến thỏa thuận. Ảnh: Getty Images.')
insert NOIDUNG values(N'Daniel Sturridge: Cựu tiền đạo Liverpool bị Trabzonspor thanh lý hợp đồng hồi tháng 3 sau khi vướng phải bê bối liên quan đến hoạt động cá cược. Sturridge từng nhận được lời mời sang Thổ Nhĩ Kỳ thi đấu nhưng án phạt cấm tham gia hoạt động bóng đá trong 4 tháng đã khiến anh mất tất cả.')
insert NOIDUNG values(N'"El Matador" (biệt danh Cavani) tới sân Old Trafford giữa những tiếng xì xào. Họ không hiểu tại sao "Quỷ đỏ" đưa mũi nhọn này về "Nhà hát của những giấc mơ".

Cựu sao PSG không phải mục tiêu chuyển nhượng hàng đầu của CLB và đã 33 tuổi. Chẳng cần là thiên tài để thấy phi vụ này rất mạo hiểm với "Quỷ đỏ".

Thế nhưng, Phó chủ tịch Ed Woodward không phải gã khờ khạo đến mức ném tiền qua cửa sổ trong thời buổi kinh tế khó khăn vì dịch Covid-19.')
insert NOIDUNG values(N'Cậu ấy (Cavani) sẽ mang tới năng lượng, sức mạnh, khả năng lãnh đạo và tinh thần chiến đấu ngoan cường cho Man United. Nhưng quan trọng hơn, Cavani sẽ mang tới những bàn thắng", HLV Ole Gunnar Solskjaer của Man United chia sẻ.

Nói như chiến lược gia người Na Uy, ông chưa có sự tin tưởng tuyệt đối vào hàng công của CLB hiện tại. Anthony Martial, Marcus Rashford và Mason Greenwood không phải những ngòi nổ kém tài, nhưng chừng ấy chưa đủ giúp "Quỷ đỏ" có danh hiệu.')
insert NOIDUNG values(N'Chiều 5/10, buổi họp báo ra mắt giải đấu vô địch 7 người toàn quốc được diễn ra tại TP.HCM. Đây là giải đấu phong trào thi đấu ở sân 7, cho phép các cầu thủ chuyên nghiệp tham dự.

"Ở giải đấu năm nay, cầu thủ HAGL không thể tham dự do ảnh hưởng của dịch Covid-19, thể thức và lịch thi đấu của V.League đã thay đổi, trùng với khoảng thời gian mà giải vô địch sân 7 toàn quốc diễn ra. Tôi hy vọng ở mùa giải sau, các giải đấu có sự ổn định, cầu thủ HAGL có thể tham gia sân chơi này", ông Tấn Anh chia sẻ.Trong mùa giải trước, các cầu thủ HAGL từng thi đấu ở giải phong trào này là 2 tiền vệ Trần Minh Vương và Châu Ngọc Quang. Một số tên tuổi khác của bóng đá Việt Nam cũng tham dự giải đấu là Nguyễn Văn Quyết, Phạm Thành Lương (CLB Hà Nội), Trần Thanh Bình (CLB TP.HCM).

Trong buổi họp báo, đại diện ban tổ chức cũng bày tỏ tham vọng lan tỏa sự ảnh hưởng của giải đấu.'
)
insert NOIDUNG values(N'"Chúng tôi đang dần hoàn thiện và chuyên nghiệp hóa giải đấu. Chúng tôi muốn tổ chức giải mang tầm quốc tế trong tương lai không xa. Từ giải sân 7 chỉ có ở Hà Nội, chúng tôi đã vươn đến miền Trung, miền Nam và giờ là giải toàn quốc. Trước mắt, chúng tôi muốn giới thiệu đặc sản sân 7 của Việt Nam đến các nước Đông Nam Á", đại diện ban tổ chức chia sẻ.

Giải vô địch 7 người toàn quốc sẽ được khởi tranh tháng 10. Khu vực Bắc, Trung, Nam thi đấu các giải riêng để tuyển chọn đại diện tham dự giải toàn quốc.')
insert NOIDUNG values(N'Hôm 2/10, CLB Hà Nội đã gửi đầy đủ tài liệu liên quan đến việc cấp phép thi đấu và được Ban cấp phép VFF phê duyệt. 13 CLB khác cũng tiến hành đăng ký nhưng chỉ có 10 đội bóng được cấp phép.

Sau một mùa giải bị cấm tham dự các giải đấu cấp CLB do AFC tổ chức trong năm 2020, CLB Hà Nội đã đủ tư cách tham dự vào năm 2021. Đoàn quân HLV Chu Đình Nghiêm đáp ứng đầy đủ các tiêu chí "A" dành cho một đội bóng chuyên nghiệp.')
insert NOIDUNG values(N'"Năm nay, số lượng CLB được cấp phép nhiều hơn năm ngoái 2 đội. Đó cũng là một tín hiệu mừng cho bóng đá Việt Nam. CLB Hà Nội sẽ được thi đấu ở các giải cấp CLB của AFC sau một năm không đạt chuẩn bị thiếu đội U15 thi đấu giải Quốc gia", ông Nguyễn Minh Ngọc, Phó tổng thư ký phụ trách chuyên môn của VFF, nói với Zing.

Với chức vô địch Cúp Quốc gia 2020, CLB Hà Nội chắc chắn giành một suất dự AFC Cup 2021. Tuy nhiên, họ còn có thể vươn xa hơn đến vòng bảng AFC Champions League nếu vô địch V.League 2020. Bóng đá Việt Nam có một suất trực tiếp vào thẳng từ mùa giải 2021.

Nếu CLB Hà Nội vô địch V.League 2020 và vào chơi vòng bảng AFC Champions League, suất thay thế họ ở AFC Cup sẽ thuộc về đội đứng thứ 3 ở giải VĐQG. Đội á quân mặc định giành suất còn lại tham dự AFC Cup 2021.

Ở mùa giải 2020, đội bóng thủ đô bất ngờ không được cấp phép thi đấu ở các giải cấp CLB do AFC tổ chức. Nguyên nhân là vì CLB Hà Nội không tham gia đủ 4/6 giải trẻ Quốc gia trong năm 2019. Cụ thể, đội bóng không cử đội dự giải U15 Quốc gia.')
insert NOIDUNG values(N'Một số cầu thủ thông báo với Zing, nếu lãnh đạo CLB Khánh Hòa không giải quyết lương và tiền lót tay trong ngày 7/10, họ sẽ không thi đấu với Phố Hiến vào ngày 8/10. Một cầu thủ Khánh Hòa nói: "CLB Khánh Hòa hứa sau khi CLB TP.HCM chuyển tiền chuyển nhượng 3 cầu thủ thì đội sẽ trả tiền lót tay vào ngày 6/10".

CLB Khánh Hòa bán Lâm Ti Phông, Phạm Trùm Tỉnh và Trần Đình Khương cho CLB TP.HCM với tổng số tiền khoảng 10 tỷ đồng để lấy trang trải khó khăn. Những ngày qua, nội bộ đội bóng râm ran thông tin CLB TP.HCM chưa thanh toán 100% tiền chuyển nhượng 3 tân binh.')
insert NOIDUNG values(N'Số tiền này có một nửa là tiền giải phóng hợp đồng cho ba cầu thủ, được chuyển cho CLB Khánh Hòa. Nhiều cầu thủ đặt vấn đề, nếu CLB TP.HCM thanh toán hết khoản tiền này thì tại sao họ chưa nhận được các khoản tiền lót tay. Nỗi ấm ức của cầu thủ càng lên cao khi lãnh đạo đội bóng cho biết CLB TP.HCM mới chuyển 1/2 số tiền.

Từ đầu năm 2020, cả đội đã phải giảm lương đến 55% và giảm cả tiền lót tay lên đến 35%. Một cầu thủ khác của Khánh Hòa tiết lộ có cầu thủ giảm đến 35-50% tiền lót tay để chia sẻ khó khăn với đội bóng. Cụ thể, một cầu thủ có tiền lót tay khoảng 400 triệu đồng/mùa chấp nhận chỉ lấy 200 triệu đồng - 250 triệu đồng. Thế nhưng, thiện chí của cầu thủ không nhận được tín hiệu tích cực từ lãnh đạo đội bóng.

HLV Võ Đình Tân đang là người đứng giữa cuộc biến động. Ông vừa là người làm việc với lãnh đạo, vừa ra sân nói chuyện với cầu thủ. Đội bóng chỉ mới tập luyện trở lại vào ngày 4 và 5/10. Trước đó, cầu thủ phản kháng bằng cách tự tập, không theo giáo án của HLV trưởng. Cầu thủ ra sân nhưng tỏ thái độ không hợp tác.')
insert NOIDUNG values(N'Gordon Banks là thủ môn vĩ đại nhất lịch sử bóng đá Anh khi cùng Tam Sư vô địch World Cup 1966. Tại World Cup 1970, Banks tạo ra pha cản phá đến giờ vẫn được coi là vĩ đại nhất lịch sử cúp thế giới khi đẩy được cú đánh đầu đập đất cực mạnh của Pele bằng một tay dù đã mất lợi thế.')
insert NOIDUNG values(N'Vị thế của Iker Casillas trong lịch sử bóng đá là không cần bàn cãi. Thủ thành người Tây Ban Nha đã giành 3 Champions League cùng Real Madrid, 2 lần vô địch EURO và một lần đứng trên đỉnh cao thế giới cùng "Bò tót". Chính Casillas là lá chắn thép trong chu kỳ vinh quang vĩ đại của Tây Ban Nha.')
insert NOIDUNG values(N'Ở thời kỳ đỉnh cao Gianluigi Buffon là người gác đền gần như không thể bị đánh bại. Thủ thành có biệt danh "Người nhện" nổi tiếng với phản xạ nhanh như điện cùng khả năng chỉ huy hoàn hảo hàng phòng ngự. Trong chiến tích giành chức vô địch World Cup 2006 của ĐT Italy, Buffon chỉ để lọt lưới 2 bàn trong cả giải, một là pha phản lưới nhà ở trận gặp Mỹ, và bàn còn lại đến từ cú đá phạt đền của Zidane trong trận chung kết.')
insert NOIDUNG values(N'Manuel Neuer là người trẻ nhất trong danh sách này. Ở tuổi 34, Neuer đã giành 2 chức vô địch UEFA Champions League, một chức vô địch World Cup và 4 lần liên tiếp được IFFHS bầu chọn là "Thủ môn hay nhất năm". Năm 2014, Neuer giành Quả bóng Đồng châu Âu khi về sau hai siêu sao tấn công là Cristiano Ronaldo và Lionel Messi.')
insert NOIDUNG values(N'Ở lần gần nhất Man United chiêu mộ một ngôi sao luống tuổi, người chịu ảnh hưởng nhiều nhất là Anthony Martial.

Khi ấy, "Quỷ đỏ" đưa Zlatan Ibrahimovic về "Nhà hát của những giấc mơ". Sự có mặt của Ibra khiến Martial mất áo số 9 và cả sự tự tin. Hè 2018, tiền đạo người Pháp tưởng chừng bị đánh bật khỏi sân Old Trafford.

Hai năm sau, lịch sử có thể lặp lại với Martial.')
insert NOIDUNG values(N'Mọi thứ không còn là tin đồn nữa. Cavani sẽ gia nhập Man United. 24 giờ trước khi thông tin chính thức được phát đi từ trang chủ "Quỷ đỏ", đại diện thành Manchester thảm bại 1-6 trước Tottenham Hotspur ở vòng 4 Premier League.

Martial trở thành tội đồ trong ngày Man United phơi áo ngay trên sân nhà. Anh nhận thẻ đỏ sau pha đánh nguội Erik Lamela. 10 người của "Quỷ đỏ" không thể chống trả trước Tottenham đầy bản lĩnh và chắc chắn.

Mọi thứ sụp đổ quá nhanh với Martial. Ở những phút đầu tiên của trận gặp Spurs, tiền đạo này mang về cho "Quỷ đỏ" quả 11 m.

Và rồi cơn ác mộng lớn xảy đến. Song, đó chưa phải điều tồi tệ nhất chờ đợi tay săn bàn 24 tuổi.')
insert NOIDUNG values(N'Trong bóng đá, việc một cầu thủ bị truất quyền thi đấu không phải thảm họa. Nhưng ở trường hợp của Martial và tình hình hiện tại, đó là câu chuyện khác.

Tấm thẻ đỏ Martial phải nhận nhiều khả năng khiến cầu thủ này trả giá đắt. Anh đối mặt nguy cơ bị mất suất đá chính về tay Cavani.

Viễn cảnh thảm họa từng xảy ra như lúc Ibrahimovic đến bắt đầu lởn vởn trong đầu ngòi nổ "Les Bleus". Man United không bao giờ chấp nhận trả 10 triệu euro/năm tiền lương cho Cavani, để rồi dành một chỗ cho cầu thủ này trên ghế dự bị.

Cavani có thể chơi ở cánh, nhưng đó sẽ là sự lãng phí. Truyền thông Anh cho rằng HLV Ole Gunnar Solskjaer nhiều khả năng để cựu sao PSG đảm nhận vị trí trung phong cắm, thay cho chính Martial.')
insert NOIDUNG values(N'Mario Gotze: "Cậu bé vàng" nước Đức hết hợp đồng với Borussia Dortmund hồi tháng 7 và không được gia hạn. Trong mùa giải vừa qua, anh có 21 lần ra sân trên mọi đấu trường, ghi 3 bàn nhưng chỉ chơi hơn 600 phút. Gotze không thể cạnh tranh với dàn sao Dortmund dù được xếp chơi ở nhiều vị trí. Bayern Munich từng bày tỏ sự quan tâm đến anh nhưng đôi bên không đi đến thỏa thuận. Ảnh: Getty Images.')
insert NOIDUNG values(N'Daniel Sturridge: Cựu tiền đạo Liverpool bị Trabzonspor thanh lý hợp đồng hồi tháng 3 sau khi vướng phải bê bối liên quan đến hoạt động cá cược. Sturridge từng nhận được lời mời sang Thổ Nhĩ Kỳ thi đấu nhưng án phạt cấm tham gia hoạt động bóng đá trong 4 tháng đã khiến anh mất tất cả.')
insert NOIDUNG values(N'"El Matador" (biệt danh Cavani) tới sân Old Trafford giữa những tiếng xì xào. Họ không hiểu tại sao "Quỷ đỏ" đưa mũi nhọn này về "Nhà hát của những giấc mơ".

Cựu sao PSG không phải mục tiêu chuyển nhượng hàng đầu của CLB và đã 33 tuổi. Chẳng cần là thiên tài để thấy phi vụ này rất mạo hiểm với "Quỷ đỏ".

Thế nhưng, Phó chủ tịch Ed Woodward không phải gã khờ khạo đến mức ném tiền qua cửa sổ trong thời buổi kinh tế khó khăn vì dịch Covid-19.')
insert NOIDUNG values(N'Cậu ấy (Cavani) sẽ mang tới năng lượng, sức mạnh, khả năng lãnh đạo và tinh thần chiến đấu ngoan cường cho Man United. Nhưng quan trọng hơn, Cavani sẽ mang tới những bàn thắng", HLV Ole Gunnar Solskjaer của Man United chia sẻ.

Nói như chiến lược gia người Na Uy, ông chưa có sự tin tưởng tuyệt đối vào hàng công của CLB hiện tại. Anthony Martial, Marcus Rashford và Mason Greenwood không phải những ngòi nổ kém tài, nhưng chừng ấy chưa đủ giúp "Quỷ đỏ" có danh hiệu.')
insert NOIDUNG values(N'Chiều 5/10, buổi họp báo ra mắt giải đấu vô địch 7 người toàn quốc được diễn ra tại TP.HCM. Đây là giải đấu phong trào thi đấu ở sân 7, cho phép các cầu thủ chuyên nghiệp tham dự.

"Ở giải đấu năm nay, cầu thủ HAGL không thể tham dự do ảnh hưởng của dịch Covid-19, thể thức và lịch thi đấu của V.League đã thay đổi, trùng với khoảng thời gian mà giải vô địch sân 7 toàn quốc diễn ra. Tôi hy vọng ở mùa giải sau, các giải đấu có sự ổn định, cầu thủ HAGL có thể tham gia sân chơi này", ông Tấn Anh chia sẻ.Trong mùa giải trước, các cầu thủ HAGL từng thi đấu ở giải phong trào này là 2 tiền vệ Trần Minh Vương và Châu Ngọc Quang. Một số tên tuổi khác của bóng đá Việt Nam cũng tham dự giải đấu là Nguyễn Văn Quyết, Phạm Thành Lương (CLB Hà Nội), Trần Thanh Bình (CLB TP.HCM).

Trong buổi họp báo, đại diện ban tổ chức cũng bày tỏ tham vọng lan tỏa sự ảnh hưởng của giải đấu.'
)
insert NOIDUNG values(N'"Chúng tôi đang dần hoàn thiện và chuyên nghiệp hóa giải đấu. Chúng tôi muốn tổ chức giải mang tầm quốc tế trong tương lai không xa. Từ giải sân 7 chỉ có ở Hà Nội, chúng tôi đã vươn đến miền Trung, miền Nam và giờ là giải toàn quốc. Trước mắt, chúng tôi muốn giới thiệu đặc sản sân 7 của Việt Nam đến các nước Đông Nam Á", đại diện ban tổ chức chia sẻ.

Giải vô địch 7 người toàn quốc sẽ được khởi tranh tháng 10. Khu vực Bắc, Trung, Nam thi đấu các giải riêng để tuyển chọn đại diện tham dự giải toàn quốc.')
insert NOIDUNG values(N'Hôm 2/10, CLB Hà Nội đã gửi đầy đủ tài liệu liên quan đến việc cấp phép thi đấu và được Ban cấp phép VFF phê duyệt. 13 CLB khác cũng tiến hành đăng ký nhưng chỉ có 10 đội bóng được cấp phép.

Sau một mùa giải bị cấm tham dự các giải đấu cấp CLB do AFC tổ chức trong năm 2020, CLB Hà Nội đã đủ tư cách tham dự vào năm 2021. Đoàn quân HLV Chu Đình Nghiêm đáp ứng đầy đủ các tiêu chí "A" dành cho một đội bóng chuyên nghiệp.')
insert NOIDUNG values(N'"Năm nay, số lượng CLB được cấp phép nhiều hơn năm ngoái 2 đội. Đó cũng là một tín hiệu mừng cho bóng đá Việt Nam. CLB Hà Nội sẽ được thi đấu ở các giải cấp CLB của AFC sau một năm không đạt chuẩn bị thiếu đội U15 thi đấu giải Quốc gia", ông Nguyễn Minh Ngọc, Phó tổng thư ký phụ trách chuyên môn của VFF, nói với Zing.

Với chức vô địch Cúp Quốc gia 2020, CLB Hà Nội chắc chắn giành một suất dự AFC Cup 2021. Tuy nhiên, họ còn có thể vươn xa hơn đến vòng bảng AFC Champions League nếu vô địch V.League 2020. Bóng đá Việt Nam có một suất trực tiếp vào thẳng từ mùa giải 2021.

Nếu CLB Hà Nội vô địch V.League 2020 và vào chơi vòng bảng AFC Champions League, suất thay thế họ ở AFC Cup sẽ thuộc về đội đứng thứ 3 ở giải VĐQG. Đội á quân mặc định giành suất còn lại tham dự AFC Cup 2021.

Ở mùa giải 2020, đội bóng thủ đô bất ngờ không được cấp phép thi đấu ở các giải cấp CLB do AFC tổ chức. Nguyên nhân là vì CLB Hà Nội không tham gia đủ 4/6 giải trẻ Quốc gia trong năm 2019. Cụ thể, đội bóng không cử đội dự giải U15 Quốc gia.')
insert NOIDUNG values(N'Một số cầu thủ thông báo với Zing, nếu lãnh đạo CLB Khánh Hòa không giải quyết lương và tiền lót tay trong ngày 7/10, họ sẽ không thi đấu với Phố Hiến vào ngày 8/10. Một cầu thủ Khánh Hòa nói: "CLB Khánh Hòa hứa sau khi CLB TP.HCM chuyển tiền chuyển nhượng 3 cầu thủ thì đội sẽ trả tiền lót tay vào ngày 6/10".

CLB Khánh Hòa bán Lâm Ti Phông, Phạm Trùm Tỉnh và Trần Đình Khương cho CLB TP.HCM với tổng số tiền khoảng 10 tỷ đồng để lấy trang trải khó khăn. Những ngày qua, nội bộ đội bóng râm ran thông tin CLB TP.HCM chưa thanh toán 100% tiền chuyển nhượng 3 tân binh.')
insert NOIDUNG values(N'Số tiền này có một nửa là tiền giải phóng hợp đồng cho ba cầu thủ, được chuyển cho CLB Khánh Hòa. Nhiều cầu thủ đặt vấn đề, nếu CLB TP.HCM thanh toán hết khoản tiền này thì tại sao họ chưa nhận được các khoản tiền lót tay. Nỗi ấm ức của cầu thủ càng lên cao khi lãnh đạo đội bóng cho biết CLB TP.HCM mới chuyển 1/2 số tiền.

Từ đầu năm 2020, cả đội đã phải giảm lương đến 55% và giảm cả tiền lót tay lên đến 35%. Một cầu thủ khác của Khánh Hòa tiết lộ có cầu thủ giảm đến 35-50% tiền lót tay để chia sẻ khó khăn với đội bóng. Cụ thể, một cầu thủ có tiền lót tay khoảng 400 triệu đồng/mùa chấp nhận chỉ lấy 200 triệu đồng - 250 triệu đồng. Thế nhưng, thiện chí của cầu thủ không nhận được tín hiệu tích cực từ lãnh đạo đội bóng.

HLV Võ Đình Tân đang là người đứng giữa cuộc biến động. Ông vừa là người làm việc với lãnh đạo, vừa ra sân nói chuyện với cầu thủ. Đội bóng chỉ mới tập luyện trở lại vào ngày 4 và 5/10. Trước đó, cầu thủ phản kháng bằng cách tự tập, không theo giáo án của HLV trưởng. Cầu thủ ra sân nhưng tỏ thái độ không hợp tác.')
insert NOIDUNG values(N'Gordon Banks là thủ môn vĩ đại nhất lịch sử bóng đá Anh khi cùng Tam Sư vô địch World Cup 1966. Tại World Cup 1970, Banks tạo ra pha cản phá đến giờ vẫn được coi là vĩ đại nhất lịch sử cúp thế giới khi đẩy được cú đánh đầu đập đất cực mạnh của Pele bằng một tay dù đã mất lợi thế.')
insert NOIDUNG values(N'Vị thế của Iker Casillas trong lịch sử bóng đá là không cần bàn cãi. Thủ thành người Tây Ban Nha đã giành 3 Champions League cùng Real Madrid, 2 lần vô địch EURO và một lần đứng trên đỉnh cao thế giới cùng "Bò tót". Chính Casillas là lá chắn thép trong chu kỳ vinh quang vĩ đại của Tây Ban Nha.')
insert NOIDUNG values(N'Ở thời kỳ đỉnh cao Gianluigi Buffon là người gác đền gần như không thể bị đánh bại. Thủ thành có biệt danh "Người nhện" nổi tiếng với phản xạ nhanh như điện cùng khả năng chỉ huy hoàn hảo hàng phòng ngự. Trong chiến tích giành chức vô địch World Cup 2006 của ĐT Italy, Buffon chỉ để lọt lưới 2 bàn trong cả giải, một là pha phản lưới nhà ở trận gặp Mỹ, và bàn còn lại đến từ cú đá phạt đền của Zidane trong trận chung kết.')
insert NOIDUNG values(N'Manuel Neuer là người trẻ nhất trong danh sách này. Ở tuổi 34, Neuer đã giành 2 chức vô địch UEFA Champions League, một chức vô địch World Cup và 4 lần liên tiếp được IFFHS bầu chọn là "Thủ môn hay nhất năm". Năm 2014, Neuer giành Quả bóng Đồng châu Âu khi về sau hai siêu sao tấn công là Cristiano Ronaldo và Lionel Messi.')
insert NOIDUNG values(N'Ở lần gần nhất Man United chiêu mộ một ngôi sao luống tuổi, người chịu ảnh hưởng nhiều nhất là Anthony Martial.

Khi ấy, "Quỷ đỏ" đưa Zlatan Ibrahimovic về "Nhà hát của những giấc mơ". Sự có mặt của Ibra khiến Martial mất áo số 9 và cả sự tự tin. Hè 2018, tiền đạo người Pháp tưởng chừng bị đánh bật khỏi sân Old Trafford.

Hai năm sau, lịch sử có thể lặp lại với Martial.')
insert NOIDUNG values(N'Mọi thứ không còn là tin đồn nữa. Cavani sẽ gia nhập Man United. 24 giờ trước khi thông tin chính thức được phát đi từ trang chủ "Quỷ đỏ", đại diện thành Manchester thảm bại 1-6 trước Tottenham Hotspur ở vòng 4 Premier League.

Martial trở thành tội đồ trong ngày Man United phơi áo ngay trên sân nhà. Anh nhận thẻ đỏ sau pha đánh nguội Erik Lamela. 10 người của "Quỷ đỏ" không thể chống trả trước Tottenham đầy bản lĩnh và chắc chắn.

Mọi thứ sụp đổ quá nhanh với Martial. Ở những phút đầu tiên của trận gặp Spurs, tiền đạo này mang về cho "Quỷ đỏ" quả 11 m.

Và rồi cơn ác mộng lớn xảy đến. Song, đó chưa phải điều tồi tệ nhất chờ đợi tay săn bàn 24 tuổi.')
insert NOIDUNG values(N'Trong bóng đá, việc một cầu thủ bị truất quyền thi đấu không phải thảm họa. Nhưng ở trường hợp của Martial và tình hình hiện tại, đó là câu chuyện khác.

Tấm thẻ đỏ Martial phải nhận nhiều khả năng khiến cầu thủ này trả giá đắt. Anh đối mặt nguy cơ bị mất suất đá chính về tay Cavani.

Viễn cảnh thảm họa từng xảy ra như lúc Ibrahimovic đến bắt đầu lởn vởn trong đầu ngòi nổ "Les Bleus". Man United không bao giờ chấp nhận trả 10 triệu euro/năm tiền lương cho Cavani, để rồi dành một chỗ cho cầu thủ này trên ghế dự bị.

Cavani có thể chơi ở cánh, nhưng đó sẽ là sự lãng phí. Truyền thông Anh cho rằng HLV Ole Gunnar Solskjaer nhiều khả năng để cựu sao PSG đảm nhận vị trí trung phong cắm, thay cho chính Martial.')
insert NOIDUNG values(N'Mario Gotze: "Cậu bé vàng" nước Đức hết hợp đồng với Borussia Dortmund hồi tháng 7 và không được gia hạn. Trong mùa giải vừa qua, anh có 21 lần ra sân trên mọi đấu trường, ghi 3 bàn nhưng chỉ chơi hơn 600 phút. Gotze không thể cạnh tranh với dàn sao Dortmund dù được xếp chơi ở nhiều vị trí. Bayern Munich từng bày tỏ sự quan tâm đến anh nhưng đôi bên không đi đến thỏa thuận. Ảnh: Getty Images.')
insert NOIDUNG values(N'Daniel Sturridge: Cựu tiền đạo Liverpool bị Trabzonspor thanh lý hợp đồng hồi tháng 3 sau khi vướng phải bê bối liên quan đến hoạt động cá cược. Sturridge từng nhận được lời mời sang Thổ Nhĩ Kỳ thi đấu nhưng án phạt cấm tham gia hoạt động bóng đá trong 4 tháng đã khiến anh mất tất cả.')
insert NOIDUNG values(N'"El Matador" (biệt danh Cavani) tới sân Old Trafford giữa những tiếng xì xào. Họ không hiểu tại sao "Quỷ đỏ" đưa mũi nhọn này về "Nhà hát của những giấc mơ".

Cựu sao PSG không phải mục tiêu chuyển nhượng hàng đầu của CLB và đã 33 tuổi. Chẳng cần là thiên tài để thấy phi vụ này rất mạo hiểm với "Quỷ đỏ".

Thế nhưng, Phó chủ tịch Ed Woodward không phải gã khờ khạo đến mức ném tiền qua cửa sổ trong thời buổi kinh tế khó khăn vì dịch Covid-19.')
insert NOIDUNG values(N'Cậu ấy (Cavani) sẽ mang tới năng lượng, sức mạnh, khả năng lãnh đạo và tinh thần chiến đấu ngoan cường cho Man United. Nhưng quan trọng hơn, Cavani sẽ mang tới những bàn thắng", HLV Ole Gunnar Solskjaer của Man United chia sẻ.

Nói như chiến lược gia người Na Uy, ông chưa có sự tin tưởng tuyệt đối vào hàng công của CLB hiện tại. Anthony Martial, Marcus Rashford và Mason Greenwood không phải những ngòi nổ kém tài, nhưng chừng ấy chưa đủ giúp "Quỷ đỏ" có danh hiệu.')

go

go
insert HASHTAG values(N'LALIGA')
insert HASHTAG values(N'SERIA')
insert HASHTAG values(N'Leage-1')
go
insert sub_TINTUC values('TINTUC01',1,Null,Null)
insert sub_TINTUC values('TINTUC01',2,Null,Null)
insert sub_TINTUC values('TINTUC01',3,Null,Null)
insert sub_TINTUC values('TINTUC01',Null,1,null)
insert sub_TINTUC values('TINTUC01',Null,2,null)
insert sub_TINTUC values('TINTUC01',Null,3,null)
insert sub_TINTUC values('TINTUC01',Null,4,null)
insert sub_TINTUC values('TINTUC01',Null,null,1)
insert sub_TINTUC values('TINTUC01',Null,null,2)
insert sub_TINTUC values('TINTUC02',4,Null,Null)
insert sub_TINTUC values('TINTUC02',5,Null,Null)
insert sub_TINTUC values('TINTUC02',6,Null,Null)
insert sub_TINTUC values('TINTUC02',Null,5,null)
insert sub_TINTUC values('TINTUC02',Null,6,null)
insert sub_TINTUC values('TINTUC02',Null,7,null)
insert sub_TINTUC values('TINTUC02',Null,8,null)
insert sub_TINTUC values('TINTUC02',Null,null,1)
insert sub_TINTUC values('TINTUC02',Null,null,3)
insert sub_TINTUC values('TINTUC03',7,Null,Null)
insert sub_TINTUC values('TINTUC03',8,Null,Null)
insert sub_TINTUC values('TINTUC03',Null,9,null)
insert sub_TINTUC values('TINTUC03',Null,10,null)
insert sub_TINTUC values('TINTUC03',Null,11,null)
insert sub_TINTUC values('TINTUC03',Null,null,2)
insert sub_TINTUC values('TINTUC03',Null,null,3)
insert sub_TINTUC values('TINTUC04',9,Null,Null)
insert sub_TINTUC values('TINTUC04',10,Null,Null)
insert sub_TINTUC values('TINTUC04',Null,12,null)
insert sub_TINTUC values('TINTUC04',Null,13,null)
insert sub_TINTUC values('TINTUC04',Null,14,null)
insert sub_TINTUC values('TINTUC04',Null,null,1)
insert sub_TINTUC values('TINTUC04',Null,null,3)
insert sub_TINTUC values('TINTUC05',11,Null,Null)
insert sub_TINTUC values('TINTUC05',12,Null,Null)
insert sub_TINTUC values('TINTUC05',Null,15,null)
insert sub_TINTUC values('TINTUC05',Null,16,null)
insert sub_TINTUC values('TINTUC05',Null,17,null)
insert sub_TINTUC values('TINTUC05',Null,null,2)
insert sub_TINTUC values('TINTUC05',Null,null,3)
insert sub_TINTUC values('TINTUC06',13,Null,Null)
insert sub_TINTUC values('TINTUC06',14,Null,Null)
insert sub_TINTUC values('TINTUC06',15,Null,Null)
insert sub_TINTUC values('TINTUC06',Null,18,null)
insert sub_TINTUC values('TINTUC06',Null,19,null)
insert sub_TINTUC values('TINTUC06',Null,20,null)
insert sub_TINTUC values('TINTUC06',Null,21,null)
insert sub_TINTUC values('TINTUC06',Null,null,1)
insert sub_TINTUC values('TINTUC06',Null,null,2)
insert sub_TINTUC values('TINTUC07',16,Null,Null)
insert sub_TINTUC values('TINTUC07',17,Null,Null)
insert sub_TINTUC values('TINTUC07',18,Null,Null)
insert sub_TINTUC values('TINTUC07',Null,22,null)
insert sub_TINTUC values('TINTUC07',Null,23,null)
insert sub_TINTUC values('TINTUC07',Null,24,null)
insert sub_TINTUC values('TINTUC07',Null,25,null)
insert sub_TINTUC values('TINTUC07',Null,null,1)
insert sub_TINTUC values('TINTUC07',Null,null,3)
insert sub_TINTUC values('TINTUC08',19,Null,Null)
insert sub_TINTUC values('TINTUC08',20,Null,Null)
insert sub_TINTUC values('TINTUC08',Null,26,null)
insert sub_TINTUC values('TINTUC08',Null,27,null)
insert sub_TINTUC values('TINTUC08',Null,28,null)
insert sub_TINTUC values('TINTUC08',Null,null,2)
insert sub_TINTUC values('TINTUC08',Null,null,3)
insert sub_TINTUC values('TINTUC09',21,Null,Null)
insert sub_TINTUC values('TINTUC09',22,Null,Null)
insert sub_TINTUC values('TINTUC09',Null,29,null)
insert sub_TINTUC values('TINTUC09',Null,30,null)
insert sub_TINTUC values('TINTUC09',Null,31,null)
insert sub_TINTUC values('TINTUC09',Null,null,1)
insert sub_TINTUC values('TINTUC09',Null,null,3)
insert sub_TINTUC values('TINTUC10',23,Null,Null)
insert sub_TINTUC values('TINTUC10',24,Null,Null)
insert sub_TINTUC values('TINTUC10',Null,32,null)
insert sub_TINTUC values('TINTUC10',Null,33,null)
insert sub_TINTUC values('TINTUC10',Null,34,null)
insert sub_TINTUC values('TINTUC10',Null,null,2)
insert sub_TINTUC values('TINTUC10',Null,null,3)
insert sub_TINTUC values('TINTUC11',25,Null,Null)
insert sub_TINTUC values('TINTUC11',26,Null,Null)
insert sub_TINTUC values('TINTUC11',27,Null,Null)
insert sub_TINTUC values('TINTUC11',Null,35,null)
insert sub_TINTUC values('TINTUC11',Null,36,null)
insert sub_TINTUC values('TINTUC11',Null,37,null)
insert sub_TINTUC values('TINTUC11',Null,38,null)
insert sub_TINTUC values('TINTUC11',Null,null,1)
insert sub_TINTUC values('TINTUC11',Null,null,2)
insert sub_TINTUC values('TINTUC12',28,Null,Null)
insert sub_TINTUC values('TINTUC12',29,Null,Null)
insert sub_TINTUC values('TINTUC12',30,Null,Null)
insert sub_TINTUC values('TINTUC12',Null,39,null)
insert sub_TINTUC values('TINTUC12',Null,40,null)
insert sub_TINTUC values('TINTUC12',Null,41,null)
insert sub_TINTUC values('TINTUC12',Null,42,null)
insert sub_TINTUC values('TINTUC12',Null,null,1)
insert sub_TINTUC values('TINTUC12',Null,null,3)
insert sub_TINTUC values('TINTUC13',31,Null,Null)
insert sub_TINTUC values('TINTUC13',32,Null,Null)
insert sub_TINTUC values('TINTUC13',Null,43,null)
insert sub_TINTUC values('TINTUC13',Null,44,null)
insert sub_TINTUC values('TINTUC13',Null,45,null)
insert sub_TINTUC values('TINTUC13',Null,null,2)
insert sub_TINTUC values('TINTUC13',Null,null,3)
insert sub_TINTUC values('TINTUC14',33,Null,Null)
insert sub_TINTUC values('TINTUC14',34,Null,Null)
insert sub_TINTUC values('TINTUC14',Null,46,null)
insert sub_TINTUC values('TINTUC14',Null,47,null)
insert sub_TINTUC values('TINTUC14',Null,48,null)
insert sub_TINTUC values('TINTUC14',Null,null,1)
insert sub_TINTUC values('TINTUC14',Null,null,3)
insert sub_TINTUC values('TINTUC15',35,Null,Null)
insert sub_TINTUC values('TINTUC15',36,Null,Null)
insert sub_TINTUC values('TINTUC15',Null,49,null)
insert sub_TINTUC values('TINTUC15',Null,50,null)
insert sub_TINTUC values('TINTUC15',Null,51,null)
insert sub_TINTUC values('TINTUC15',Null,null,2)
insert sub_TINTUC values('TINTUC15',Null,null,3)
go

insert DOIBONG values('DOIBONG01',N'Hoàng Anh Gia Lai','https://seeklogo.com/images/H/Hoang_Anh_Gia_Lai_FC-logo-2D9E3EF87E-seeklogo.com.png','https://vietnam9.net/wp-content/uploads/2019/11/HAGL-U19-HAGL-t%E1%BA%ADp-hu%E1%BA%A5n-t%E1%BA%A1i-H%C3%A0-Lan-Vi%E1%BB%87t-Nam-9.jpg')
insert DOIBONG values('DOIBONG02',N'Hà Nội FC','https://upload.wikimedia.org/wikipedia/vi/thumb/5/5b/H%C3%A0_N%E1%BB%99i_FC_2020.svg/1200px-H%C3%A0_N%E1%BB%99i_FC_2020.svg.png','https://danviet.mediacdn.vn/upload/3-2019/images/2019-07-10/Vi-sao-Ha-Noi-FC-khong-cho-cau-thu-len-tap-trung-U23-Viet-Nam-hn-01-1562719062-width480height325.jpg')
insert DOIBONG values('DOIBONG03',N'Hoàng Anh Gia Lai','https://seeklogo.com/images/H/Hoang_Anh_Gia_Lai_FC-logo-2D9E3EF87E-seeklogo.com.png','https://vietnam9.net/wp-content/uploads/2019/11/HAGL-U19-HAGL-t%E1%BA%ADp-hu%E1%BA%A5n-t%E1%BA%A1i-H%C3%A0-Lan-Vi%E1%BB%87t-Nam-9.jpg')
insert DOIBONG values('DOIBONG04',N'Hà Nội FC','https://upload.wikimedia.org/wikipedia/vi/thumb/5/5b/H%C3%A0_N%E1%BB%99i_FC_2020.svg/1200px-H%C3%A0_N%E1%BB%99i_FC_2020.svg.png','https://danviet.mediacdn.vn/upload/3-2019/images/2019-07-10/Vi-sao-Ha-Noi-FC-khong-cho-cau-thu-len-tap-trung-U23-Viet-Nam-hn-01-1562719062-width480height325.jpg')
insert DOIBONG values('DOIBONG05',N'Hoàng Anh Gia Lai','https://seeklogo.com/images/H/Hoang_Anh_Gia_Lai_FC-logo-2D9E3EF87E-seeklogo.com.png','https://vietnam9.net/wp-content/uploads/2019/11/HAGL-U19-HAGL-t%E1%BA%ADp-hu%E1%BA%A5n-t%E1%BA%A1i-H%C3%A0-Lan-Vi%E1%BB%87t-Nam-9.jpg')
insert DOIBONG values('DOIBONG06',N'Hà Nội FC','https://upload.wikimedia.org/wikipedia/vi/thumb/5/5b/H%C3%A0_N%E1%BB%99i_FC_2020.svg/1200px-H%C3%A0_N%E1%BB%99i_FC_2020.svg.png','https://danviet.mediacdn.vn/upload/3-2019/images/2019-07-10/Vi-sao-Ha-Noi-FC-khong-cho-cau-thu-len-tap-trung-U23-Viet-Nam-hn-01-1562719062-width480height325.jpg')
insert DOIBONG values('DOIBONG07',N'Hoàng Anh Gia Lai','https://seeklogo.com/images/H/Hoang_Anh_Gia_Lai_FC-logo-2D9E3EF87E-seeklogo.com.png','https://vietnam9.net/wp-content/uploads/2019/11/HAGL-U19-HAGL-t%E1%BA%ADp-hu%E1%BA%A5n-t%E1%BA%A1i-H%C3%A0-Lan-Vi%E1%BB%87t-Nam-9.jpg')
insert DOIBONG values('DOIBONG08',N'Hà Nội FC','https://upload.wikimedia.org/wikipedia/vi/thumb/5/5b/H%C3%A0_N%E1%BB%99i_FC_2020.svg/1200px-H%C3%A0_N%E1%BB%99i_FC_2020.svg.png','https://danviet.mediacdn.vn/upload/3-2019/images/2019-07-10/Vi-sao-Ha-Noi-FC-khong-cho-cau-thu-len-tap-trung-U23-Viet-Nam-hn-01-1562719062-width480height325.jpg')
insert DOIBONG values('DOIBONG09',N'Hoàng Anh Gia Lai','https://seeklogo.com/images/H/Hoang_Anh_Gia_Lai_FC-logo-2D9E3EF87E-seeklogo.com.png','https://vietnam9.net/wp-content/uploads/2019/11/HAGL-U19-HAGL-t%E1%BA%ADp-hu%E1%BA%A5n-t%E1%BA%A1i-H%C3%A0-Lan-Vi%E1%BB%87t-Nam-9.jpg')
insert DOIBONG values('DOIBONG10',N'Hà Nội FC','https://upload.wikimedia.org/wikipedia/vi/thumb/5/5b/H%C3%A0_N%E1%BB%99i_FC_2020.svg/1200px-H%C3%A0_N%E1%BB%99i_FC_2020.svg.png','https://danviet.mediacdn.vn/upload/3-2019/images/2019-07-10/Vi-sao-Ha-Noi-FC-khong-cho-cau-thu-len-tap-trung-U23-Viet-Nam-hn-01-1562719062-width480height325.jpg')
insert DOIBONG values('DOIBONG11',N'Hoàng Anh Gia Lai','https://seeklogo.com/images/H/Hoang_Anh_Gia_Lai_FC-logo-2D9E3EF87E-seeklogo.com.png','https://vietnam9.net/wp-content/uploads/2019/11/HAGL-U19-HAGL-t%E1%BA%ADp-hu%E1%BA%A5n-t%E1%BA%A1i-H%C3%A0-Lan-Vi%E1%BB%87t-Nam-9.jpg')
insert DOIBONG values('DOIBONG12',N'Hà Nội FC','https://upload.wikimedia.org/wikipedia/vi/thumb/5/5b/H%C3%A0_N%E1%BB%99i_FC_2020.svg/1200px-H%C3%A0_N%E1%BB%99i_FC_2020.svg.png','https://danviet.mediacdn.vn/upload/3-2019/images/2019-07-10/Vi-sao-Ha-Noi-FC-khong-cho-cau-thu-len-tap-trung-U23-Viet-Nam-hn-01-1562719062-width480height325.jpg')
go

go

insert THONGTINCOBAN values('THONGTIN01',N'218/24 Nguyễn Duy Cung','0979528720','nguyenhongquan2310@gmail.com','https://www.facebook.com/haglfc.clb/','Pleiku','30000',N'Nguyễn Bảo Long',N'Nguyễn Hồng Quân',N'TRần TRung Chính',N'Phương Uyên',N'Vinamilk','DOIBONG01')
insert THONGTINCOBAN values('THONGTIN02',N'218/24 Phạm Văn Chiêu','0523364071','nguyenhongquan2310@gmail.com','https://www.facebook.com/HanoiFootballClub.vn/','Pleiku','30000',N'Nguyễn Bảo Long',N'Nguyễn Hồng Quân',N'TRần TRung Chính',N'Phương Uyên',N'Vinamilk','DOIBONG02')
insert THONGTINCOBAN values('THONGTIN03',N'218/24 Nguyễn Duy Cung','0979528720','nguyenhongquan2310@gmail.com','https://www.facebook.com/haglfc.clb/','Pleiku','30000',N'Nguyễn Bảo Long',N'Nguyễn Hồng Quân',N'TRần TRung Chính',N'Phương Uyên',N'Vinamilk','DOIBONG03')
insert THONGTINCOBAN values('THONGTIN04',N'218/24 Phạm Văn Chiêu','0523364071','nguyenhongquan2310@gmail.com','https://www.facebook.com/HanoiFootballClub.vn/','Pleiku','30000',N'Nguyễn Bảo Long',N'Nguyễn Hồng Quân',N'TRần TRung Chính',N'Phương Uyên',N'Vinamilk','DOIBONG04')
insert THONGTINCOBAN values('THONGTIN05',N'218/24 Nguyễn Duy Cung','0979528720','nguyenhongquan2310@gmail.com','https://www.facebook.com/haglfc.clb/','Pleiku','30000',N'Nguyễn Bảo Long',N'Nguyễn Hồng Quân',N'TRần TRung Chính',N'Phương Uyên',N'Vinamilk','DOIBONG05')
insert THONGTINCOBAN values('THONGTIN06',N'218/24 Phạm Văn Chiêu','0523364071','nguyenhongquan2310@gmail.com','https://www.facebook.com/HanoiFootballClub.vn/','Pleiku','30000',N'Nguyễn Bảo Long',N'Nguyễn Hồng Quân',N'TRần TRung Chính',N'Phương Uyên',N'Vinamilk','DOIBONG06')
insert THONGTINCOBAN values('THONGTIN07',N'218/24 Nguyễn Duy Cung','0979528720','nguyenhongquan2310@gmail.com','https://www.facebook.com/haglfc.clb/','Pleiku','30000',N'Nguyễn Bảo Long',N'Nguyễn Hồng Quân',N'TRần TRung Chính',N'Phương Uyên',N'Vinamilk','DOIBONG07')
insert THONGTINCOBAN values('THONGTIN08',N'218/24 Phạm Văn Chiêu','0523364071','nguyenhongquan2310@gmail.com','https://www.facebook.com/HanoiFootballClub.vn/','Pleiku','30000',N'Nguyễn Bảo Long',N'Nguyễn Hồng Quân',N'TRần TRung Chính',N'Phương Uyên',N'Vinamilk','DOIBONG08')
insert THONGTINCOBAN values('THONGTIN09',N'218/24 Nguyễn Duy Cung','0979528720','nguyenhongquan2310@gmail.com','https://www.facebook.com/haglfc.clb/','Pleiku','30000',N'Nguyễn Bảo Long',N'Nguyễn Hồng Quân',N'TRần TRung Chính',N'Phương Uyên',N'Vinamilk','DOIBONG09')
insert THONGTINCOBAN values('THONGTIN10',N'218/24 Phạm Văn Chiêu','0523364071','nguyenhongquan2310@gmail.com','https://www.facebook.com/HanoiFootballClub.vn/','Pleiku','30000',N'Nguyễn Bảo Long',N'Nguyễn Hồng Quân',N'TRần TRung Chính',N'Phương Uyên',N'Vinamilk','DOIBONG10')
insert THONGTINCOBAN values('THONGTIN11',N'218/24 Nguyễn Duy Cung','0979528720','nguyenhongquan2310@gmail.com','https://www.facebook.com/haglfc.clb/','Pleiku','30000',N'Nguyễn Bảo Long',N'Nguyễn Hồng Quân',N'TRần TRung Chính',N'Phương Uyên',N'Vinamilk','DOIBONG11')
insert THONGTINCOBAN values('THONGTIN12',N'218/24 Phạm Văn Chiêu','0523364071','nguyenhongquan2310@gmail.com','https://www.facebook.com/HanoiFootballClub.vn/','Pleiku','30000',N'Nguyễn Bảo Long',N'Nguyễn Hồng Quân',N'TRần TRung Chính',N'Phương Uyên',N'Vinamilk','DOIBONG12')

go

insert LOAITHANHTICH values('LOAITHANHTICH01',N'Thành tích của đội bóng')
insert LOAITHANHTICH values('LOAITHANHTICH02',N'Thành tích của cầu thủ')
go

insert THANHTICH values('THANHTICH01',N'Vô địch giải quốc gia năm 2020','LOAITHANHTICH01','DOIBONG02')
insert THANHTICH values('THANHTICH02',N'cầu thủ xuất sắc nhất năm 2020','LOAITHANHTICH02','DOIBONG01')
insert THANHTICH values('THANHTICH03',N'Vô địch giải quốc gia năm 2020','LOAITHANHTICH01','DOIBONG03')
insert THANHTICH values('THANHTICH04',N'cầu thủ xuất sắc nhất năm 2020','LOAITHANHTICH02','DOIBONG04')
insert THANHTICH values('THANHTICH05',N'Vô địch giải quốc gia năm 2020','LOAITHANHTICH01','DOIBONG05')
insert THANHTICH values('THANHTICH06',N'cầu thủ xuất sắc nhất năm 2020','LOAITHANHTICH02','DOIBONG06')
insert THANHTICH values('THANHTICH07',N'Vô địch giải quốc gia năm 2020','LOAITHANHTICH01','DOIBONG07')
insert THANHTICH values('THANHTICH08',N'cầu thủ xuất sắc nhất năm 2020','LOAITHANHTICH02','DOIBONG08')
insert THANHTICH values('THANHTICH09',N'Vô địch giải quốc gia năm 2020','LOAITHANHTICH01','DOIBONG09')
insert THANHTICH values('THANHTICH10',N'cầu thủ xuất sắc nhất năm 2020','LOAITHANHTICH02','DOIBONG10')
insert THANHTICH values('THANHTICH11',N'Vô địch giải quốc gia năm 2020','LOAITHANHTICH01','DOIBONG11')
insert THANHTICH values('THANHTICH12',N'cầu thủ xuất sắc nhất năm 2020','LOAITHANHTICH02','DOIBONG12')
go

insert TAITRO values('NTT01','https://media.sohuutritue.net.vn/files/huongmi/2019/12/02/vnm-1006.jpg')
insert TAITRO values('NTT02','https://media.sohuutritue.net.vn/files/huongmi/2019/12/02/vnm-1006.jpg')
go

insert sub_TAITRO values('DOIBONG01','NTT01')
insert sub_TAITRO values('DOIBONG02','NTT02')
go

insert CAUTHU values ('CAUTHU01',N'Nguyễn Quang Hải','https://media.thethao247.vn/upload/anhquan/2020/05/02/quang-hai-bat-ngo-nhan-mua-chi-trich-tu-nhm-viet-nam1584587676_1.jpg','DOIBONG01')
insert CAUTHU values ('CAUTHU02',N'Nguyễn Quang Hải','https://media.thethao247.vn/upload/anhquan/2020/05/02/quang-hai-bat-ngo-nhan-mua-chi-trich-tu-nhm-viet-nam1584587676_1.jpg','DOIBONG01')
insert CAUTHU values ('CAUTHU03',N'Nguyễn Quang Hải','https://media.thethao247.vn/upload/anhquan/2020/05/02/quang-hai-bat-ngo-nhan-mua-chi-trich-tu-nhm-viet-nam1584587676_1.jpg','DOIBONG01')
insert CAUTHU values ('CAUTHU04',N'Nguyễn Quang Hải','https://media.thethao247.vn/upload/anhquan/2020/05/02/quang-hai-bat-ngo-nhan-mua-chi-trich-tu-nhm-viet-nam1584587676_1.jpg','DOIBONG01')
insert CAUTHU values ('CAUTHU05',N'Nguyễn Quang Hải','https://media.thethao247.vn/upload/anhquan/2020/05/02/quang-hai-bat-ngo-nhan-mua-chi-trich-tu-nhm-viet-nam1584587676_1.jpg','DOIBONG01')
insert CAUTHU values ('CAUTHU06',N'Nguyễn Quang Hải','https://media.thethao247.vn/upload/anhquan/2020/05/02/quang-hai-bat-ngo-nhan-mua-chi-trich-tu-nhm-viet-nam1584587676_1.jpg','DOIBONG01')
insert CAUTHU values ('CAUTHU07',N'Nguyễn Quang Hải','https://media.thethao247.vn/upload/anhquan/2020/05/02/quang-hai-bat-ngo-nhan-mua-chi-trich-tu-nhm-viet-nam1584587676_1.jpg','DOIBONG02')
insert CAUTHU values ('CAUTHU08',N'Nguyễn Quang Hải','https://media.thethao247.vn/upload/anhquan/2020/05/02/quang-hai-bat-ngo-nhan-mua-chi-trich-tu-nhm-viet-nam1584587676_1.jpg','DOIBONG02')
insert CAUTHU values ('CAUTHU09',N'Nguyễn Quang Hải','https://media.thethao247.vn/upload/anhquan/2020/05/02/quang-hai-bat-ngo-nhan-mua-chi-trich-tu-nhm-viet-nam1584587676_1.jpg','DOIBONG02')
insert CAUTHU values ('CAUTHU10',N'Nguyễn Quang Hải','https://media.thethao247.vn/upload/anhquan/2020/05/02/quang-hai-bat-ngo-nhan-mua-chi-trich-tu-nhm-viet-nam1584587676_1.jpg','DOIBONG02')
insert CAUTHU values ('CAUTHU11',N'Nguyễn Quang Hải','https://media.thethao247.vn/upload/anhquan/2020/05/02/quang-hai-bat-ngo-nhan-mua-chi-trich-tu-nhm-viet-nam1584587676_1.jpg','DOIBONG02')
insert CAUTHU values ('CAUTHU12',N'Nguyễn Quang Hải','https://media.thethao247.vn/upload/anhquan/2020/05/02/quang-hai-bat-ngo-nhan-mua-chi-trich-tu-nhm-viet-nam1584587676_1.jpg','DOIBONG03')
insert CAUTHU values ('CAUTHU13',N'Nguyễn Quang Hải','https://media.thethao247.vn/upload/anhquan/2020/05/02/quang-hai-bat-ngo-nhan-mua-chi-trich-tu-nhm-viet-nam1584587676_1.jpg','DOIBONG03')
insert CAUTHU values ('CAUTHU14',N'Nguyễn Quang Hải','https://media.thethao247.vn/upload/anhquan/2020/05/02/quang-hai-bat-ngo-nhan-mua-chi-trich-tu-nhm-viet-nam1584587676_1.jpg','DOIBONG03')
insert CAUTHU values ('CAUTHU15',N'Nguyễn Quang Hải','https://media.thethao247.vn/upload/anhquan/2020/05/02/quang-hai-bat-ngo-nhan-mua-chi-trich-tu-nhm-viet-nam1584587676_1.jpg','DOIBONG03')
insert CAUTHU values ('CAUTHU16',N'Nguyễn Quang Hải','https://media.thethao247.vn/upload/anhquan/2020/05/02/quang-hai-bat-ngo-nhan-mua-chi-trich-tu-nhm-viet-nam1584587676_1.jpg','DOIBONG04')
insert CAUTHU values ('CAUTHU17',N'Nguyễn Quang Hải','https://media.thethao247.vn/upload/anhquan/2020/05/02/quang-hai-bat-ngo-nhan-mua-chi-trich-tu-nhm-viet-nam1584587676_1.jpg','DOIBONG04')
insert CAUTHU values ('CAUTHU18',N'Nguyễn Quang Hải','https://media.thethao247.vn/upload/anhquan/2020/05/02/quang-hai-bat-ngo-nhan-mua-chi-trich-tu-nhm-viet-nam1584587676_1.jpg','DOIBONG04')
insert CAUTHU values ('CAUTHU19',N'Nguyễn Quang Hải','https://media.thethao247.vn/upload/anhquan/2020/05/02/quang-hai-bat-ngo-nhan-mua-chi-trich-tu-nhm-viet-nam1584587676_1.jpg','DOIBONG04')
insert CAUTHU values ('CAUTHU20',N'Nguyễn Quang Hải','https://media.thethao247.vn/upload/anhquan/2020/05/02/quang-hai-bat-ngo-nhan-mua-chi-trich-tu-nhm-viet-nam1584587676_1.jpg','DOIBONG04')
go




insert TRANDAU values('TĐ01','DOIBONG01','DOIBONG02','2020-07-10 19:00',N'Thống Nhất','1-1')
insert TRANDAU values('TĐ02','DOIBONG03','DOIBONG04','2020-07-10 19:00',N'Thống Nhất','1-1')
insert TRANDAU values('TĐ03','DOIBONG05','DOIBONG06','2020-07-10 19:00',N'Thống Nhất','1-1')
insert TRANDAU values('TĐ04','DOIBONG07','DOIBONG08','2020-07-10 19:00',N'Thống Nhất','1-1')
insert TRANDAU values('TĐ05','DOIBONG09','DOIBONG10','2020-07-10 19:00',N'Thống Nhất','1-1')
insert TRANDAU values('TĐ06','DOIBONG11','DOIBONG12','2020-07-10 19:00',N'Thống Nhất','1-1')
insert TRANDAU values('TĐ07','DOIBONG01','DOIBONG03','2020-07-10 19:00',N'Thống Nhất','1-1')
insert TRANDAU values('TĐ08','DOIBONG05','DOIBONG08','2020-07-10 19:00',N'Thống Nhất','1-1')
insert TRANDAU values('TĐ09','DOIBONG06','DOIBONG07','2020-07-10 19:00',N'Thống Nhất','1-1')
insert TRANDAU values('TĐ10','DOIBONG03','DOIBONG09','2020-07-10 19:00',N'Thống Nhất','1-1')
go

insert BANTHANG values('BT01','CAUTHU01','TĐ01','2020-07-10 19:23')
insert BANTHANG values('BT02','CAUTHU06','TĐ01','2020-07-10 19:23')
insert BANTHANG values('BT03','CAUTHU12','TĐ02','2020-07-10 19:23')
insert BANTHANG values('BT04','CAUTHU16','TĐ02','2020-07-10 19:23')
go

insert tb_USER values('US01',N'Hoàng Nam','hoangnam123','Nam25693','nguyenhoangnam123@gmail.com','0523365859')
insert tb_USER values('US02',N'Minh Thiên','minhthien123','thien25693','minhthien123@gmail.com','0979528720')
insert tb_USER values('US03',N'Minh Đức','minhduc123','duc25693','vuminhduc123@gmail.com','0979521259')
insert tb_USER values('US04',N'Hoàng Nam','hoangnam123','Nam25693','nguyenhoangnam123@gmail.com','0523365859')
insert tb_USER values('US05',N'Minh Thiên','minhthien123','thien25693','minhthien123@gmail.com','0979528720')
insert tb_USER values('US06',N'Minh Đức','minhduc123','duc25693','vuminhduc123@gmail.com','0979521259')
insert tb_USER values('US07',N'Hoàng Nam','hoangnam123','Nam25693','nguyenhoangnam123@gmail.com','0523365859')
insert tb_USER values('US08',N'Minh Thiên','minhthien123','thien25693','minhthien123@gmail.com','0979528720')
insert tb_USER values('US09',N'Minh Đức','minhduc123','duc25693','vuminhduc123@gmail.com','0979521259')
insert tb_USER values('US10',N'Hoàng Nam','hoangnam123','Nam25693','nguyenhoangnam123@gmail.com','0523365859')
insert tb_USER values('US11',N'Minh Thiên','minhthien123','thien25693','minhthien123@gmail.com','0979528720')
insert tb_USER values('US012',N'Minh Đức','minhduc123','duc25693','vuminhduc123@gmail.com','0979521259')
go

insert KHACHHANG values('KH01','Phạm Thanh Thảo','215/58 Quang Trung','0523365859')
insert KHACHHANG values('KH02','Đào Đức Nhật','215/58 Quang Trung','0523365859')
insert KHACHHANG values('KH03','Lê Phú Hưng','215/58 Quang Trung','0523365859')
insert KHACHHANG values('KH04','Phạm Thanh Thảo','215/58 Quang Trung','0523365859')
insert KHACHHANG values('KH05','Đào Đức Nhật','215/58 Quang Trung','0523365859')
insert KHACHHANG values('KH06','Lê Phú Hưng','215/58 Quang Trung','0523365859')
insert KHACHHANG values('KH07','Phạm Thanh Thảo','215/58 Quang Trung','0523365859')
insert KHACHHANG values('KH08','Đào Đức Nhật','215/58 Quang Trung','0523365859')
insert KHACHHANG values('KH09','Lê Phú Hưng','215/58 Quang Trung','0523365859')
insert KHACHHANG values('KH10','Phạm Thanh Thảo','215/58 Quang Trung','0523365859')
insert KHACHHANG values('KH11','Đào Đức Nhật','215/58 Quang Trung','0523365859')
insert KHACHHANG values('KH12','Lê Phú Hưng','215/58 Quang Trung','0523365859')
go

insert HOADON values('HD01','KH01','2020-07-10')
insert HOADON values('HD02','KH02','2020-07-10')
insert HOADON values('HD03','KH03','2020-07-10')
insert HOADON values('HD04','KH04','2020-07-10')
insert HOADON values('HD05','KH05','2020-07-10')
insert HOADON values('HD06','KH06','2020-07-10')
insert HOADON values('HD07','KH07','2020-07-10')
insert HOADON values('HD08','KH08','2020-07-10')
insert HOADON values('HD09','KH09','2020-07-10')
insert HOADON values('HD10','KH10','2020-07-10')
insert HOADON values('HD11','KH11','2020-07-10')
insert HOADON values('HD12','KH12','2020-07-10')
go


insert LOAIVE values('LOAIVE01',N'KHÁN ĐÀI A',7500,500000)
insert LOAIVE values('LOAIVE02',N'KHÁN ĐÀI B',7500,500000)
insert LOAIVE values('LOAIVE03',N'KHÁN ĐÀI C',5000,300000)
insert LOAIVE values('LOAIVE04',N'KHÁN ĐÀI D',5000,300000)
go

insert TICKET values('VE01','LOAIVE01','DOIBONG01','DOIBONG02','2020-07-10')
insert TICKET values('VE02','LOAIVE02','DOIBONG01','DOIBONG02','2020-07-10')
insert TICKET values('VE03','LOAIVE03','DOIBONG01','DOIBONG02','2020-07-10')
insert TICKET values('VE04','LOAIVE04','DOIBONG01','DOIBONG02','2020-07-10')
insert TICKET values('VE05','LOAIVE01','DOIBONG01','DOIBONG02','2020-07-10')
insert TICKET values('VE06','LOAIVE02','DOIBONG01','DOIBONG02','2020-07-10')
insert TICKET values('VE07','LOAIVE03','DOIBONG01','DOIBONG02','2020-07-10')
insert TICKET values('VE08','LOAIVE04','DOIBONG01','DOIBONG02','2020-07-10')
insert TICKET values('VE09','LOAIVE01','DOIBONG01','DOIBONG02','2020-07-10')
insert TICKET values('VE10','LOAIVE02','DOIBONG01','DOIBONG02','2020-07-10')
insert TICKET values('VE11','LOAIVE03','DOIBONG01','DOIBONG02','2020-07-10')
insert TICKET values('VE12','LOAIVE04','DOIBONG01','DOIBONG02','2020-07-10')
go

insert CTHD values('HD01','VE01','2')
insert CTHD values('HD02','VE02','2')
insert CTHD values('HD03','VE03','2')
insert CTHD values('HD04','VE04','2')
insert CTHD values('HD05','VE05','2')
insert CTHD values('HD06','VE06','2')
insert CTHD values('HD07','VE07','2')
insert CTHD values('HD08','VE08','2')
insert CTHD values('HD09','VE09','2')
insert CTHD values('HD10','VE10','2')
insert CTHD values('HD11','VE11','2')
insert CTHD values('HD12','VE12','2')
go

insert HINHANH_QC values('https://vnanet.vn/Data/Articles/2019/02/24/3733226/vna_potal_v_league_2019_cau_lac_bo_nam_dinh_danh_chien_thang_thuyet_phuc_tren_san_nha_stand.jpg')
insert HINHANH_QC values('https://vff.org.vn/uploads/images/HNQG/Chiu-choi-nhu-Hoi-CDV-Than-Quang-Ninh.jpg')
insert HINHANH_QC values('https://media.laodong.vn/Storage/NewsPortal/2020/7/17/820451/Phao-Sang-Hai-Phong--01.jpg')
insert HINHANH_QC values('https://i.ytimg.com/vi/lQ0g8cwaE3k/maxresdefault.jpg')
insert HINHANH_QC values('https://static.bongda24h.vn/medias/amp/2019/4/26/clip-hai-phong-vs-binh-duong-32-highlights-vleague-2019.png')
insert HINHANH_QC values('https://vnanet.vn/Data/Articles/2019/02/24/3733226/vna_potal_v_league_2019_cau_lac_bo_nam_dinh_danh_chien_thang_thuyet_phuc_tren_san_nha_stand.jpg')
insert HINHANH_QC values('https://vff.org.vn/uploads/images/HNQG/Chiu-choi-nhu-Hoi-CDV-Than-Quang-Ninh.jpg')
insert HINHANH_QC values('https://media.laodong.vn/Storage/NewsPortal/2020/7/17/820451/Phao-Sang-Hai-Phong--01.jpg')
insert HINHANH_QC values('https://i.ytimg.com/vi/lQ0g8cwaE3k/maxresdefault.jpg')
insert HINHANH_QC values('https://static.bongda24h.vn/medias/amp/2019/4/26/clip-hai-phong-vs-binh-duong-32-highlights-vleague-2019.png')
go

insert VIDEO values('https://www.youtube.com/watch?v=hSB9-8bG7FI')
insert VIDEO values('https://www.youtube.com/watch?v=hSB9-8bG7FI')
insert VIDEO values('https://www.youtube.com/watch?v=hSB9-8bG7FI')
insert VIDEO values('https://www.youtube.com/watch?v=hSB9-8bG7FI')
insert VIDEO values('https://www.youtube.com/watch?v=hSB9-8bG7FI')
insert VIDEO values('https://www.youtube.com/watch?v=hSB9-8bG7FI')
insert VIDEO values('https://www.youtube.com/watch?v=hSB9-8bG7FI')
insert VIDEO values('https://www.youtube.com/watch?v=hSB9-8bG7FI')
insert VIDEO values('https://www.youtube.com/watch?v=hSB9-8bG7FI')
insert VIDEO values('https://www.youtube.com/watch?v=hSB9-8bG7FI')
insert VIDEO values('https://www.youtube.com/watch?v=hSB9-8bG7FI')
insert VIDEO values('https://www.youtube.com/watch?v=hSB9-8bG7FI')
go

insert TIN_VIDEO values('TINVIDEO01',N'KHI NĂNG LỰC CỦA SOLSKJAER BỊ NGHI NGỜ','https://znews-photo.zadn.vn/w480/Uploaded/bpivpawv/2020_10_10/ole_1.jpg',N'Huấn luyện viên người Na Uy có thể đi vào vết xe đổ của Jose Mourinho, khi những tiếng xì xầm đã bắt đầu trong phòng thay đồ Manchester United.','2','1',N'Hiển Thị')
insert TIN_VIDEO values('TINVIDEO02',N'KHI NĂNG LỰC CỦA SOLSKJAER BỊ NGHI NGỜ','https://znews-photo.zadn.vn/w480/Uploaded/bpivpawv/2020_10_10/ole_1.jpg',N'Huấn luyện viên người Na Uy có thể đi vào vết xe đổ của Jose Mourinho, khi những tiếng xì xầm đã bắt đầu trong phòng thay đồ Manchester United.','2','1',N'Hiển Thị')
insert TIN_VIDEO values('TINVIDEO03',N'KHI NĂNG LỰC CỦA SOLSKJAER BỊ NGHI NGỜ','https://znews-photo.zadn.vn/w480/Uploaded/bpivpawv/2020_10_10/ole_1.jpg',N'Huấn luyện viên người Na Uy có thể đi vào vết xe đổ của Jose Mourinho, khi những tiếng xì xầm đã bắt đầu trong phòng thay đồ Manchester United.','2','1',N'Hiển Thị')
insert TIN_VIDEO values('TINVIDEO04',N'KHI NĂNG LỰC CỦA SOLSKJAER BỊ NGHI NGỜ','https://znews-photo.zadn.vn/w480/Uploaded/bpivpawv/2020_10_10/ole_1.jpg',N'Huấn luyện viên người Na Uy có thể đi vào vết xe đổ của Jose Mourinho, khi những tiếng xì xầm đã bắt đầu trong phòng thay đồ Manchester United.','2','1',N'Hiển Thị')
insert TIN_VIDEO values('TINVIDEO05',N'KHI NĂNG LỰC CỦA SOLSKJAER BỊ NGHI NGỜ','https://znews-photo.zadn.vn/w480/Uploaded/bpivpawv/2020_10_10/ole_1.jpg',N'Huấn luyện viên người Na Uy có thể đi vào vết xe đổ của Jose Mourinho, khi những tiếng xì xầm đã bắt đầu trong phòng thay đồ Manchester United.','2','1',N'Hiển Thị')
insert TIN_VIDEO values('TINVIDEO06',N'KHI NĂNG LỰC CỦA SOLSKJAER BỊ NGHI NGỜ','https://znews-photo.zadn.vn/w480/Uploaded/bpivpawv/2020_10_10/ole_1.jpg',N'Huấn luyện viên người Na Uy có thể đi vào vết xe đổ của Jose Mourinho, khi những tiếng xì xầm đã bắt đầu trong phòng thay đồ Manchester United.','2','1',N'Hiển Thị')
go

insert sub_TIN_VIDEO values('TINVIDEO01',1)
insert sub_TIN_VIDEO values('TINVIDEO02',2)
insert sub_TIN_VIDEO values('TINVIDEO03',3)
insert sub_TIN_VIDEO values('TINVIDEO04',4)
insert sub_TIN_VIDEO values('TINVIDEO05',5)
insert sub_TIN_VIDEO values('TINVIDEO06',6)
go

insert Thong_Tin_Xep_Hang values ('DOIBONG01',10,9,1,0,+10,'')
insert Thong_Tin_Xep_Hang values ('DOIBONG02',10,8,2,0,+10,'')
insert Thong_Tin_Xep_Hang values ('DOIBONG03',10,8,1,1,+9,'')
insert Thong_Tin_Xep_Hang values ('DOIBONG04',10,8,1,1,+8,'')
insert Thong_Tin_Xep_Hang values ('DOIBONG05',10,7,2,1,+8,'')
insert Thong_Tin_Xep_Hang values ('DOIBONG06',10,7,1,2,+4,'')
insert Thong_Tin_Xep_Hang values ('DOIBONG07',10,6,2,2,+3,'')
insert Thong_Tin_Xep_Hang values ('DOIBONG08',10,6,1,3,+3,'')
insert Thong_Tin_Xep_Hang values ('DOIBONG09',10,4,4,2,+0,'')
insert Thong_Tin_Xep_Hang values ('DOIBONG10',10,3,5,2,-3,'')
insert Thong_Tin_Xep_Hang values ('DOIBONG11',10,2,2,6,-8,'')
insert Thong_Tin_Xep_Hang values ('DOIBONG12',10,2,1,7,-10,'')

go






